{
  "baseline_rate": 0.2857142857142857,
  "collection": "knowledge__rag-papers",
  "content_type": "knowledge",
  "qa_count": 35,
  "regressions": {
    "0.0": [],
    "0.025": [
      3,
      31
    ],
    "0.05": [
      3,
      31
    ],
    "0.075": [
      3,
      31
    ],
    "0.1": [
      3,
      31
    ],
    "0.15": [
      3,
      31
    ]
  },
  "salient_per_chunk": 3,
  "summary": {
    "0.0": {
      "hit": 10,
      "miss": 25
    },
    "0.025": {
      "hit": 12,
      "miss": 23
    },
    "0.05": {
      "hit": 12,
      "miss": 23
    },
    "0.075": {
      "hit": 12,
      "miss": 23
    },
    "0.1": {
      "hit": 12,
      "miss": 23
    },
    "0.15": {
      "hit": 12,
      "miss": 23
    }
  },
  "top_k": 5,
  "weights": [
    0.0,
    0.025,
    0.05,
    0.075,
    0.1,
    0.15
  ],
  "winner_rate": 0.2857142857142857,
  "winner_weight": null
}